state, state_code, division_code, division, country_code, country
Lazio,,Intl,International,IT,Italy
Uusimaa,,Intl,International,FI,Finland
Adjuntas,,Intl,International,PR,Puerto Rico
Cabo Rojo,,Intl,International,PR,Puerto Rico
Ciales,,Intl,International,PR,Puerto Rico
Florida,,Intl,International,PR,Puerto Rico
Mayaguez,,Intl,International,PR,Puerto Rico
Yauco,,Intl,International,PR,Puerto Rico
Arroyo,,Intl,International,PR,Puerto Rico
Canovanas,,Intl,International,PR,Puerto Rico
Cidra,,Intl,International,PR,Puerto Rico
San Lorenzo,,Intl,International,PR,Puerto Rico
Loiza,,Intl,International,PR,Puerto Rico
Barranquitas,,Intl,International,PR,Puerto Rico
Vi,,Intl,International,VI,"Virgin Islands, U.S."
Žilinský kraj,,Intl,International,SK,Slovakia
Perlis,,Intl,International,MY,Malaysia
Pais Vasco,,Intl,International,ES,Spain
Distrito Federal,,Intl,International,MX,Mexico
Northland,,Intl,International,NZ,New Zealand
Aomori Ken,,Intl,International,JP,Japan
Chlef,,Intl,International,DZ,Algeria
L.Aghouat,,Intl,International,DZ,Algeria
Afyonkarahisar,,Intl,International,TR,Turkey
Thüringen,,Intl,International,DE,Germany
Amasya,,Intl,International,TR,Turkey
DEPTO DE ESCUINTLA,,Intl,International,GT,Guatemala
Sao Paulo,,Intl,International,BR,Brazil
Ankara,,Intl,International,TR,Turkey
Baleares,,Intl,International,ES,Spain
Sardegna,,Intl,International,IT,Italy
Giurgiu,,Intl,International,RO,Romania
Occitanie,,Intl,International,FR,France
Warmia-Masuria,,Intl,International,PL,Poland
Tokyo To,,Intl,International,JP,Japan
Dhaka Division,,Intl,International,BD,Bangladesh
Lisboa,,Intl,International,PT,Portugal
경기도,,Intl,International,KR,"Korea, Republic of"
Norhern Punajb Rawal,,Intl,International,PK,Pakistan
Pulau Pinang,,Intl,International,MY,Malaysia
Budapest,,Intl,International,HU,Hungary
Berlin,,Intl,International,DE,Germany
Zagrebačka,,Intl,International,HR,Croatia
Wien,,Intl,International,AT,Austria
Silesia,,Intl,International,PL,Poland
Tamanrasset,,Intl,International,DZ,Algeria
Bilecik,,Intl,International,TR,Turkey
Noord-Holland,,Intl,International,NL,Netherlands
Liguria,,Intl,International,IT,Italy
Bitlis,,Intl,International,TR,Turkey
Bolivar,,Intl,International,CO,Colombia
DEPTO DE HUEHUETENAN,,Intl,International,GT,Guatemala
Phranakhon Si Ayutth,,Intl,International,TH,Thailand
Chernihivska,,Intl,International,UA,Ukraine
Московская,,Intl,International,RU,Russian Federation
Teleorman,,Intl,International,RO,Romania
Utrecht,,Intl,International,NL,Netherlands
Ярославска,,Intl,International,RU,Russian Federation
Østfold fylke,,Intl,International,NO,Norway
Ивановская,,Intl,International,RU,Russian Federation
Canton de Berne,,Intl,International,CH,Switzerland
Nouvelle-Aquitaine,,Intl,International,FR,France
Buenos Aires,,Intl,International,AR,Argentina
Архангельс,,Intl,International,RU,Russian Federation
Тверская О,,Intl,International,RU,Russian Federation
Himachal Pradesh,,Intl,International,IN,India
Región de Coquimbo,,Intl,International,CL,Chile
Псковская ,,Intl,International,RU,Russian Federation
DEPTO DE IZABAL,,Intl,International,GT,Guatemala
Мурманская,,Intl,International,RU,Russian Federation
Ленинградс,,Intl,International,RU,Russian Federation
Skåne,,Intl,International,SE,Sweden
Aguascalientes,,Intl,International,MX,Mexico
Cesar,,Intl,International,CO,Colombia
DEPTO DE CHIQUIMULA,,Intl,International,GT,Guatemala
Hamburg,,Intl,International,DE,Germany
Vlaanderen,,Intl,International,BE,Belgium
Setúbal,,Intl,International,PT,Portugal
Skikda,,Intl,International,DZ,Algeria
Vinnytska,,Intl,International,UA,Ukraine
Grodno,,Intl,International,BY,Belarus
Splitsko-Dalmatinska,,Intl,International,HR,Croatia
Bretagne,,Intl,International,FR,France
Mehedinţi,,Intl,International,RO,Romania
Edirne,,Intl,International,TR,Turkey
Ålands landsbygd,,Intl,International,AX,Åland Islands
Перник / Perni,,Intl,International,BG,Bulgaria
Jura,,Intl,International,CH,Switzerland
Rio de Janeiro ,,Intl,International,BR,Brazil
Guelma,,Intl,International,DZ,Algeria
Burgenland,,Intl,International,AT,Austria
Coahuila de Zaragoza,,Intl,International,MX,Mexico
Кюстендил /,,Intl,International,BG,Bulgaria
Łódź Voivodeship,,Intl,International,PL,Poland
Nakhon Nayok,,Intl,International,TH,Thailand
Selangor,,Intl,International,MY,Malaysia
Благоевгра,,Intl,International,BG,Bulgaria
Rocha,,Intl,International,UY,Uruguay
Giresun,,Intl,International,TR,Turkey
Chiapas,,Intl,International,MX,Mexico
Ida-Viru maakond,,Intl,International,EE,Estonia
Victoria,,Intl,International,AU,Australia
Nakhon Ratchasima,,Intl,International,TH,Thailand
Minas Gerais,,Intl,International,BR,Brazil
Hedmark,,Intl,International,NO,Norway
Veneto,,Intl,International,IT,Italy
Bay of Plenty,,Intl,International,NZ,New Zealand
Орловская ,,Intl,International,RU,Russian Federation
Finnmark,,Intl,International,NO,Norway
Chihuahua,,Intl,International,MX,Mexico
Osječko-Baranjska,,Intl,International,HR,Croatia
Hatay,,Intl,International,TR,Turkey
Souhern Punajb Mulan,,Intl,International,PK,Pakistan
Vukovarsko-Srijemska,,Intl,International,HR,Croatia
Illizi,,Intl,International,DZ,Algeria
Friuli-Venezia Giuli,,Intl,International,IT,Italy
Sisaket,,Intl,International,TH,Thailand
Región del Maule,,Intl,International,CL,Chile
Chittagong,,Intl,International,BD,Bangladesh
Durango,,Intl,International,MX,Mexico
Ubon Ratchathani,,Intl,International,TH,Thailand
Na Tan,,Intl,International,TH,Thailand
Boumerdes,,Intl,International,DZ,Algeria
Canarias,,Intl,International,ES,Spain
Kalmar,,Intl,International,SE,Sweden
Gujarat,,Intl,International,IN,India
Северная О,,Intl,International,RU,Russian Federation
Пловдив / Plo,,Intl,International,BG,Bulgaria
Карачаево-,,Intl,International,RU,Russian Federation
Kastamonu,,Intl,International,TR,Turkey
Tissemsilt,,Intl,International,DZ,Algeria
Адыгея Рес,,Intl,International,RU,Russian Federation
Niigata Ken,,Intl,International,JP,Japan
Manawatu-Wanganui,,Intl,International,NZ,New Zealand
Dadra & Nagar Haveli,,Intl,International,IN,India
Hajdú-Bihar,,Intl,International,HU,Hungary
Kirşehir,,Intl,International,TR,Turkey
Cluj,,Intl,International,RO,Romania
Provincia de Heredia,,Intl,International,CR,Costa Rica
Bihor,,Intl,International,RO,Romania
대구광역시,,Intl,International,KR,"Korea, Republic of"
Catamarca,,Intl,International,AR,Argentina
Opole Voivodeship,,Intl,International,PL,Poland
Bistriţa-Năsăud,,Intl,International,RO,Romania
Марий Эл Ре,,Intl,International,RU,Russian Federation
Maramureş,,Intl,International,RO,Romania
Zeeland,,Intl,International,NL,Netherlands
Kanton Aargau,,Intl,International,CH,Switzerland
Lääne-Viru maakond,,Intl,International,EE,Estonia
Malatya,,Intl,International,TR,Turkey
울산광역시,,Intl,International,KR,"Korea, Republic of"
Maha Sarakham,,Intl,International,TH,Thailand
Naama,,Intl,International,DZ,Algeria
Tacuarembo,,Intl,International,UY,Uruguay
Челябинска,,Intl,International,RU,Russian Federation
Kahramanmaraş,,Intl,International,TR,Turkey
Karlovačka,,Intl,International,HR,Croatia
Mardin,,Intl,International,TR,Turkey
Koprivničko-Križev,,Intl,International,HR,Croatia
Mukdahan,,Intl,International,TH,Thailand
Mie Ken,,Intl,International,JP,Japan
Rangpur Division,,Intl,International,BD,Bangladesh
Nevşehir,,Intl,International,TR,Turkey
Meta,,Intl,International,CO,Colombia
Vestfold,,Intl,International,NO,Norway
Andhra Pradesh,,Intl,International,IN,India
Región de los Ríos,,Intl,International,CL,Chile
Lamphun,,Intl,International,TH,Thailand
Lampang,,Intl,International,TH,Thailand
Melilla,,Intl,International,ES,Spain
Osaka Fu,,Intl,International,JP,Japan
Ličko-Senjska,,Intl,International,HR,Croatia
Rheinland-Pfalz,,Intl,International,DE,Germany
Mureş,,Intl,International,RO,Romania
Örebro,,Intl,International,SE,Sweden
Siirt,,Intl,International,TR,Turkey
전라남도,,Intl,International,KR,"Korea, Republic of"
Mae Hong Son,,Intl,International,TH,Thailand
Chernivetska,,Intl,International,UA,Ukraine
Tekirdağ,,Intl,International,TR,Turkey
Castelo Branco,,Intl,International,PT,Portugal
Bacău,,Intl,International,RO,Romania
South Ostrobothnia R,,Intl,International,FI,Finland
Portalegre,,Intl,International,PT,Portugal
Kharkivska,,Intl,International,UA,Ukraine
Uthai Thani,,Intl,International,TH,Thailand
Neamţ,,Intl,International,RO,Romania
Пермский К,,Intl,International,RU,Russian Federation
Ceara,,Intl,International,BR,Brazil
Tunceli,,Intl,International,TR,Turkey
Vrancea,,Intl,International,RO,Romania
Põlva maakond,,Intl,International,EE,Estonia
Nayarit,,Intl,International,MX,Mexico
Новосибирс,,Intl,International,RU,Russian Federation
Tak,,Intl,International,TH,Thailand
Nuevo León,,Intl,International,MX,Mexico
Курганская,,Intl,International,RU,Russian Federation
Алтай Респ,,Intl,International,RU,Russian Federation
Кемеровска,,Intl,International,RU,Russian Federation
Kanton Graubünden,,Intl,International,CH,Switzerland
Csongrád,,Intl,International,HU,Hungary
Zonguldak,,Intl,International,TR,Turkey
Бурятия Ре,,Intl,International,RU,Russian Federation
Central Ostrobothnia,,Intl,International,FI,Finland
,,Intl,International,RU,Russian Federation
Tottori Ken,,Intl,International,JP,Japan
North Ostrobothnia R,,Intl,International,FI,Finland
Shimane Ken,,Intl,International,JP,Japan
Bayburt,,Intl,International,TR,Turkey
Viljandi maakond,,Intl,International,EE,Estonia
Okayama Ken,,Intl,International,JP,Japan
Colonia,,Intl,International,UY,Uruguay
Iaşi,,Intl,International,RO,Romania
Khulna Division,,Intl,International,BD,Bangladesh
Tasman,,Intl,International,NZ,New Zealand
Soriano,,Intl,International,UY,Uruguay
Botoşani,,Intl,International,RO,Romania
Hiroshima Ken,,Intl,International,JP,Japan
Suceava,,Intl,International,RO,Romania
Somogy,,Intl,International,HU,Hungary
Samut Sakhon,,Intl,International,TH,Thailand
Andaman & Nicobar Is,,Intl,International,IN,India
Ardahan,,Intl,International,TR,Turkey
Île-de-France,,Intl,International,FR,France
Odisha,,Intl,International,IN,India
Добрич / Dobri,,Intl,International,BG,Bulgaria
Ivano-Frankivska,,Intl,International,UA,Ukraine
Tokushima Ken,,Intl,International,JP,Japan
Tocantins,,Intl,International,BR,Brazil
Yalova,,Intl,International,TR,Turkey
Karabük,,Intl,International,TR,Turkey
West Coast,,Intl,International,NZ,New Zealand
Gävleborg,,Intl,International,SE,Sweden
Arunachal Pradesh,,Intl,International,IN,India
Mato Grosso do Sul,,Intl,International,BR,Brazil
Tripura,,Intl,International,IN,India
Mazovia,,Intl,International,PL,Poland
Kanta-Häme,,Intl,International,FI,Finland
Hokkaido,,Intl,International,JP,Japan
,,Intl,International,LK,Sri Lanka
Dorado,,Intl,International,PR,Puerto Rico
Hormigueros,,Intl,International,PR,Puerto Rico
Moca,,Intl,International,PR,Puerto Rico
Aibonito,,Intl,International,PR,Puerto Rico
Patillas,,Intl,International,PR,Puerto Rico
Fajardo,,Intl,International,PR,Puerto Rico
Naguabo,,Intl,International,PR,Puerto Rico
Villalba,,Intl,International,PR,Puerto Rico
Gurabo,,Intl,International,PR,Puerto Rico
Guayanilla,,Intl,International,PR,Puerto Rico
Toa Baja,,Intl,International,PR,Puerto Rico
Guaynabo,,Intl,International,PR,Puerto Rico
Carolina,,Intl,International,PR,Puerto Rico
Auvergne-Rhône-Alpe,,Intl,International,FR,France
Bucureşti,,Intl,International,RO,Romania
DEPTO DE GUATEMALA,,Intl,International,GT,Guatemala
Trenčiansky kraj,,Intl,International,SK,Slovakia
Iwate Ken,,Intl,International,JP,Japan
DEPTO DE EL PROGRESO,,Intl,International,GT,Guatemala
DEPTO DE SACATEPEQUE,,Intl,International,GT,Guatemala
,,Intl,International,PH,Philippines
Provence-Alpes-Côte,,Intl,International,FR,France
DEPTO DE CHIMALTENAN,,Intl,International,GT,Guatemala
Kedah,,Intl,International,MY,Malaysia
Umbria,,Intl,International,IT,Italy
Lubusz,,Intl,International,PL,Poland
DEPTO DE SANTA ROSA,,Intl,International,GT,Guatemala
Biskra,,Intl,International,DZ,Algeria
Kyivska,,Intl,International,UA,Ukraine
Pomerania,,Intl,International,PL,Poland
Grand Est,,Intl,International,FR,France
DEPTO DE TOTONICAPAN,,Intl,International,GT,Guatemala
Northern Territory,,Intl,International,AU,Australia
Western Australia,,Intl,International,AU,Australia
DEPTO DE QUETZALTENA,,Intl,International,GT,Guatemala
Stockholm,,Intl,International,SE,Sweden
,,Intl,International,MK,"Macedonia, the former Yugoslav Republic of"
DEPTO DE SUCHITEPEQU,,Intl,International,GT,Guatemala
Zhytomyrska,,Intl,International,UA,Ukraine
Bangkok,,Intl,International,TH,Thailand
,,Intl,International,DO,Dominican Republic
Federal Capial &AJK,,Intl,International,PK,Pakistan
DEPTO DE RETALHULEU,,Intl,International,GT,Guatemala
"Bogota, D.C.",,Intl,International,CO,Colombia
Región de Tarapacá,,Intl,International,CL,Chile
Bingöl,,Intl,International,TR,Turkey
DEPTO DE SAN MARCOS,,Intl,International,GT,Guatemala
Haryana,,Intl,International,IN,India
Wallonie,,Intl,International,BE,Belgium
,,Intl,International,SE,Sweden
DEPTO DEL QUICHE,,Intl,International,GT,Guatemala
Chandigarh,,Intl,International,IN,India
Zuid-Holland,,Intl,International,NL,Netherlands
Canelones,,Intl,International,UY,Uruguay
Lopburi,,Intl,International,TH,Thailand
Boyaca,,Intl,International,CO,Colombia
Костромска,,Intl,International,RU,Russian Federation
Bursa,,Intl,International,TR,Turkey
Коми Респу,,Intl,International,RU,Russian Federation
Djelfa,,Intl,International,DZ,Algeria
Chainat,,Intl,International,TH,Thailand
Cherkaska,,Intl,International,UA,Ukraine
Caqueta,,Intl,International,CO,Colombia
Canton du Valais,,Intl,International,CH,Switzerland
Çorum,,Intl,International,TR,Turkey
Санкт-Пете,,Intl,International,RU,Russian Federation
Świętokrzyskie,,Intl,International,PL,Poland
Santa Fe,,Intl,International,AR,Argentina
Chonburi,,Intl,International,TH,Thailand
Dolj,,Intl,International,RO,Romania
Terengganu,,Intl,International,MY,Malaysia
Corse,,Intl,International,FR,France
Central Region,,Intl,International,MW,Malawi
Southwest Finland,,Intl,International,FI,Finland
Fejér,,Intl,International,HU,Hungary
Buskerud,,Intl,International,NO,Norway
DEPTO DE JALAPA,,Intl,International,GT,Guatemala
Schleswig-Holstein,,Intl,International,DE,Germany
Vitebk,,Intl,International,BY,Belarus
Waikato,,Intl,International,NZ,New Zealand
Nógrád,,Intl,International,HU,Hungary
Minsk,,Intl,International,BY,Belarus
Chanthaburi,,Intl,International,TH,Thailand
Annaba,,Intl,International,DZ,Algeria
Zadarska,,Intl,International,HR,Croatia
Olt,,Intl,International,RO,Romania
Elaziğ,,Intl,International,TR,Turkey
Santiago Del Estero,,Intl,International,AR,Argentina
Greater Poland,,Intl,International,PL,Poland
Chachoengsao,,Intl,International,TH,Thailand
Vâlcea,,Intl,International,RO,Romania
,,Intl,International,GL,Greenland
Constantine,,Intl,International,DZ,Algeria
Cundinamarca,,Intl,International,CO,Colombia
Erzurum,,Intl,International,TR,Turkey
Chiba Ken,,Intl,International,JP,Japan
Eskişehir,,Intl,International,TR,Turkey
Satakunta,,Intl,International,FI,Finland
Mostaganem,,Intl,International,DZ,Algeria
Choco,,Intl,International,CO,Colombia
Halland,,Intl,International,SE,Sweden
Madrid,,Intl,International,ES,Spain
Kronoberg,,Intl,International,SE,Sweden
Gümüşhane,,Intl,International,TR,Turkey
Emilia-Romagna,,Intl,International,IT,Italy
Blekinge,,Intl,International,SE,Sweden
Ibaraki Ken,,Intl,International,JP,Japan
Ouargla,,Intl,International,DZ,Algeria
Тульская О,,Intl,International,RU,Russian Federation
Rajasthan,,Intl,International,IN,India
Враца / Vraca,,Intl,International,BG,Bulgaria
,,Intl,International,NZ,New Zealand
Burirum,,Intl,International,TH,Thailand
Tochigi Ken,,Intl,International,JP,Japan
Isparta,,Intl,International,TR,Turkey
Nordrhein-Westfalen,,Intl,International,DE,Germany
Nakhon Sie Thammarat,,Intl,International,TH,Thailand
Parana,,Intl,International,BR,Brazil
Campania,,Intl,International,IT,Italy
Kanton Zürich,,Intl,International,CH,Switzerland
Бургас / Burga,,Intl,International,BG,Bulgaria
Düzce,,Intl,International,TR,Turkey
Jämtland,,Intl,International,SE,Sweden
Phang Nga,,Intl,International,TH,Thailand
Kanton Thurgau,,Intl,International,CH,Switzerland
Ranong,,Intl,International,TH,Thailand
Chumphon,,Intl,International,TH,Thailand
Labuan,,Intl,International,MY,Malaysia
Sabah,,Intl,International,MY,Malaysia
Сливен / Slive,,Intl,International,BG,Bulgaria
Okinawa Ken,,Intl,International,JP,Japan
Tlaxcala,,Intl,International,MX,Mexico
Amazonas,,Intl,International,CO,Colombia
Satun,,Intl,International,TH,Thailand
Oppland,,Intl,International,NO,Norway
Nitriansky kraj,,Intl,International,SK,Slovakia
Toyama Ken,,Intl,International,JP,Japan
Sarawak,,Intl,International,MY,Malaysia
Tierra Del Fuego,,Intl,International,AR,Argentina
Eschen,,Intl,International,LI,Liechtenstein
Triesen,,Intl,International,LI,Liechtenstein
Fukushima Ken,,Intl,International,JP,Japan
State of Chuuk,,Intl,International,FM,"Micronesia, Federated States of"
Mh,,Intl,International,MH,Marshall Islands
Guadeloupe,,Intl,International,GP,Guadeloupe
Miquelon-Langlade,,Intl,International,PM,Saint Pierre and Miquelon
Mayotte (general),,Intl,International,YT,Mayotte
Bandraboua,,Intl,International,YT,Mayotte
Monaco,,Intl,International,MC,Monaco
Circonscription d'Al,,Intl,International,WF,Wallis and Futuna
Province Sud,,Intl,International,NC,New Caledonia
Kktc,,Intl,International,TR,Turkey
Abşeron,,Intl,International,AZ,Azerbaijan
Ağdaş,,Intl,International,AZ,Azerbaijan
Ağsu,,Intl,International,AZ,Azerbaijan
Bərdə,,Intl,International,AZ,Azerbaijan
Beyləqan,,Intl,International,AZ,Azerbaijan
Goranboy,,Intl,International,AZ,Azerbaijan
Xocavənd,,Intl,International,AZ,Azerbaijan
Qax,,Intl,International,AZ,Azerbaijan
Qəbələ,,Intl,International,AZ,Azerbaijan
Qusar,,Intl,International,AZ,Azerbaijan
Masalli,,Intl,International,AZ,Azerbaijan
Samux,,Intl,International,AZ,Azerbaijan
Siyəzən,,Intl,International,AZ,Azerbaijan
Şuşa,,Intl,International,AZ,Azerbaijan
Zərdab,,Intl,International,AZ,Azerbaijan
Xizi,,Intl,International,AZ,Azerbaijan
Northern Ireland,,Intl,International,GB,United Kingdom
Smith’s Parish,,Intl,International,BM,Bermuda
L-Għarb,,Intl,International,MT,Malta
,,Intl,International,GB,United Kingdom
,,Intl,International,JE,Jersey
Il-Kalkara,,Intl,International,MT,Malta
Echternach,,Intl,International,LU,Luxembourg
Redange,,Intl,International,LU,Luxembourg
Vianden,,Intl,International,LU,Luxembourg
Garkalnes nov.,,Intl,International,LV,Latvia
Ādažu nov.,,Intl,International,LV,Latvia
Baldones nov.,,Intl,International,LV,Latvia
Carnikavas nov.,,Intl,International,LV,Latvia
Kandavas nov.,,Intl,International,LV,Latvia
Talsu nov.,,Intl,International,LV,Latvia
Mērsraga nov.,,Intl,International,LV,Latvia
Pāvilostas nov.,,Intl,International,LV,Latvia
Dobeles nov.,,Intl,International,LV,Latvia
Auces nov.,,Intl,International,LV,Latvia
Alojas nov.,,Intl,International,LV,Latvia
Pārgaujas nov.,,Intl,International,LV,Latvia
Kocēnu nov.,,Intl,International,LV,Latvia
Rūjienas nov.,,Intl,International,LV,Latvia
Baltinavas nov.,,Intl,International,LV,Latvia
Smiltenes nov.,,Intl,International,LV,Latvia
Varakļānu nov.,,Intl,International,LV,Latvia
Ikšķiles nov.,,Intl,International,LV,Latvia
Pļaviņu nov.,,Intl,International,LV,Latvia
Krustpils nov.,,Intl,International,LV,Latvia
Salas nov.,,Intl,International,LV,Latvia
Riebiņu nov.,,Intl,International,LV,Latvia
Ilūkstes nov.,,Intl,International,LV,Latvia
Dagdas nov.,,Intl,International,LV,Latvia
Kārsavas nov.,,Intl,International,LV,Latvia
Sandys Parish,,Intl,International,BM,Bermuda
Tiraspol Tr.,,Intl,International,MD,"Moldova, Republic of"
Calarasi,,Intl,International,MD,"Moldova, Republic of"
Cimislia,,Intl,International,MD,"Moldova, Republic of"
Dubasari Cr.,,Intl,International,MD,"Moldova, Republic of"
Mun.Balti,,Intl,International,MD,"Moldova, Republic of"
Riscani,,Intl,International,MD,"Moldova, Republic of"
Ribnita Tr.,,Intl,International,MD,"Moldova, Republic of"
Falesti,,Intl,International,MD,"Moldova, Republic of"
Nisporeni,,Intl,International,MD,"Moldova, Republic of"
Taraclia,,Intl,International,MD,"Moldova, Republic of"
L-Imqabba,,Intl,International,MT,Malta
Marsaskala,,Intl,International,MT,Malta
Pembroke,,Intl,International,MT,Malta
Il-Qrendi,,Intl,International,MT,Malta
Southampton Parish,,Intl,International,BM,Bermuda
Saint Julian's,,Intl,International,MT,Malta
Tarxien,,Intl,International,MT,Malta
Il-Munxar,,Intl,International,MT,Malta
Maricao,,Intl,International,PR,Puerto Rico
Penuelas,,Intl,International,PR,Puerto Rico
Sabana Grande,,Intl,International,PR,Puerto Rico
Vega Alta,,Intl,International,PR,Puerto Rico
Maunabo,,Intl,International,PR,Puerto Rico
Las Piedras,,Intl,International,PR,Puerto Rico
Phayao,,Intl,International,TH,Thailand
Rota,,Intl,International,MP,Northern Mariana Islands
Dzaoudzi,,Intl,International,YT,Mayotte
Acoua,,Intl,International,YT,Mayotte
Bandrele,,Intl,International,YT,Mayotte
Tsingoni,,Intl,International,YT,Mayotte
Bormla,,Intl,International,MT,Malta
Ħal Għargħur,,Intl,International,MT,Malta
L-Isla,,Intl,International,MT,Malta
Jönköping,,Intl,International,SE,Sweden
Misiones,,Intl,International,AR,Argentina
Asturias,,Intl,International,ES,Spain
Oberösterreich,,Intl,International,AT,Austria
Монтана / Mon,,Intl,International,BG,Bulgaria
Hessen,,Intl,International,DE,Germany
Viseu,,Intl,International,PT,Portugal
Brodsko-Posavska,,Intl,International,HR,Croatia
İzmir,,Intl,International,TR,Turkey
Cerro Largo,,Intl,International,UY,Uruguay
Guarda,,Intl,International,PT,Portugal
Lower Silesia,,Intl,International,PL,Poland
El-Taref,,Intl,International,DZ,Algeria
Кабардино-,,Intl,International,RU,Russian Federation
Daman & Diu,,Intl,International,IN,India
Чеченская ,,Intl,International,RU,Russian Federation
Gumma Ken,,Intl,International,JP,Japan
Trentino-Alto Adige,,Intl,International,IT,Italy
Ингушетия ,,Intl,International,RU,Russian Federation
Kirklareli,,Intl,International,TR,Turkey
Non Bua Lam Phu,,Intl,International,TH,Thailand
Липецкая О,,Intl,International,RU,Russian Federation
Queensland,,Intl,International,AU,Australia
Khenchela,,Intl,International,DZ,Algeria
Bahia,,Intl,International,BR,Brazil
Maharashtra,,Intl,International,IN,India
Sogn og Fjordane,,Intl,International,NO,Norway
Khon Kaen,,Intl,International,TH,Thailand
Goa,,Intl,International,IN,India
Kocaeli,,Intl,International,TR,Turkey
Hawke's Bay,,Intl,International,NZ,New Zealand
Hidalgo,,Intl,International,MX,Mexico
Татарстан ,,Intl,International,RU,Russian Federation
Szabolcs-Szatmár-Be,,Intl,International,HU,Hungary
Чувашская ,,Intl,International,RU,Russian Federation
Nong Khai,,Intl,International,TH,Thailand
Ульяновска,,Intl,International,RU,Russian Federation
Troms,,Intl,International,NO,Norway
Sisačko-Moslavačka,,Intl,International,HR,Croatia
La Guajira,,Intl,International,CO,Colombia
Jalisco,,Intl,International,MX,Mexico
Madhya Pradesh,,Intl,International,IN,India
Башкортост,,Intl,International,RU,Russian Federation
Durazno,,Intl,International,UY,Uruguay
부산광역시,,Intl,International,KR,"Korea, Republic of"
Ternopilska,,Intl,International,UA,Ukraine
Braga,,Intl,International,PT,Portugal
Байконур,,Intl,International,RU,Russian Federation
Ghardaia,,Intl,International,DZ,Algeria
Akershus,,Intl,International,NO,Norway
Relizane,,Intl,International,DZ,Algeria
Nakhon Phanom,,Intl,International,TH,Thailand
Viana do Castelo,,Intl,International,PT,Portugal
Sergipe,,Intl,International,BR,Brazil
Muş,,Intl,International,TR,Turkey
Стара Заго,,Intl,International,BG,Bulgaria
Salto,,Intl,International,UY,Uruguay
Braşov,,Intl,International,RO,Romania
Jász-Nagykun-Szolno,,Intl,International,HU,Hungary
Provincia de Guanaca,,Intl,International,CR,Costa Rica
Хасково / Kha,,Intl,International,BG,Bulgaria
Alba,,Intl,International,RO,Romania
Bragança,,Intl,International,PT,Portugal
Kyoto Fu,,Intl,International,JP,Japan
Istarska,,Intl,International,HR,Croatia
Nariño,,Intl,International,CO,Colombia
Harghita,,Intl,International,RO,Romania
South Karelia,,Intl,International,FI,Finland
Región de los Lagos,,Intl,International,CL,Chile
Norte De Santander,,Intl,International,CO,Colombia
Sakarya,,Intl,International,TR,Turkey
Mendoza,,Intl,International,AR,Argentina
Samsun,,Intl,International,TR,Turkey
Karnataka,,Intl,International,IN,India
Sinop,,Intl,International,TR,Turkey
Chiang Rai,,Intl,International,TH,Thailand
Limburg,,Intl,International,NL,Netherlands
Sivas,,Intl,International,TR,Turkey
Владимирск,,Intl,International,RU,Russian Federation
Marche,,Intl,International,IT,Italy
Provincia de Puntare,,Intl,International,CR,Costa Rica
Tirol,,Intl,International,AT,Austria
Región de Magallane,,Intl,International,CL,Chile
Kamphaeng Phet,,Intl,International,TH,Thailand
Търговище /,,Intl,International,BG,Bulgaria
제주특별자치,,Intl,International,KR,"Korea, Republic of"
Kanton Nidwalden,,Intl,International,CH,Switzerland
Wakayama Ken,,Intl,International,JP,Japan
Võru maakond,,Intl,International,EE,Estonia
Piaui,,Intl,International,BR,Brazil
Красноярск,,Intl,International,RU,Russian Federation
Odeska,,Intl,International,UA,Ukraine
Hyderabad,,Intl,International,PK,Pakistan
Алтайский ,,Intl,International,RU,Russian Federation
Yozgat,,Intl,International,TR,Turkey
Risaralda,,Intl,International,CO,Colombia
Иркутская ,,Intl,International,RU,Russian Federation
Vorarlberg,,Intl,International,AT,Austria
Читинская ,,Intl,International,RU,Russian Federation
Aksaray,,Intl,International,TR,Turkey
Santander,,Intl,International,CO,Colombia
Камчатская,,Intl,International,RU,Russian Federation
Amapa,,Intl,International,BR,Brazil
Zaporizka,,Intl,International,UA,Ukraine
Acre,,Intl,International,BR,Brazil
Karaman,,Intl,International,TR,Turkey
Sucre,,Intl,International,CO,Colombia
Tolna,,Intl,International,HU,Hungary
Kirikkale,,Intl,International,TR,Turkey
Västmanland,,Intl,International,SE,Sweden
Järva maakond,,Intl,International,EE,Estonia
Beja,,Intl,International,PT,Portugal
Goias,,Intl,International,BR,Brazil
Nakhon Pathom,,Intl,International,TH,Thailand
Vaslui,,Intl,International,RO,Romania
Kanton St. Gallen,,Intl,International,CH,Switzerland
Uppsala,,Intl,International,SE,Sweden
Bartin,,Intl,International,TR,Turkey
Iğdir,,Intl,International,TR,Turkey
Valle Del Cauca,,Intl,International,CO,Colombia
Lääne maakond,,Intl,International,EE,Estonia
Drenthe,,Intl,International,NL,Netherlands
San Luis Potosí,,Intl,International,MX,Mexico
Rondonia,,Intl,International,BR,Brazil
Lvivska,,Intl,International,UA,Ukraine
Mizoram,,Intl,International,IN,India
Faro,,Intl,International,PT,Portugal
San Jose,,Intl,International,UY,Uruguay
Balochisan,,Intl,International,PK,Pakistan
Krabi,,Intl,International,TH,Thailand
Arauca,,Intl,International,CO,Colombia
Rio Negro,,Intl,International,AR,Argentina
Barisal Division,,Intl,International,BD,Bangladesh
Phuket,,Intl,International,TH,Thailand
Zala,,Intl,International,HU,Hungary
Västernorrland,,Intl,International,SE,Sweden
Donetska,,Intl,International,UA,Ukraine
Casanare,,Intl,International,CO,Colombia
Tabasco,,Intl,International,MX,Mexico
Calabria,,Intl,International,IT,Italy
Miyazaki Ken,,Intl,International,JP,Japan
Zakarpatska,,Intl,International,UA,Ukraine
Варна / Varna,,Intl,International,BG,Bulgaria
Constanţa,,Intl,International,RO,Romania
Nordland,,Intl,International,NO,Norway
Otago,,Intl,International,NZ,New Zealand
Kanton Appenzell Aus,,Intl,International,CH,Switzerland
Fukui Ken,,Intl,International,JP,Japan
Svalbard,,Intl,International,SJ,Svalbard and Jan Mayen
Ialomiţa,,Intl,International,RO,Romania
Norrbotten,,Intl,International,SE,Sweden
Groningen,,Intl,International,NL,Netherlands
Schellenberg,,Intl,International,LI,Liechtenstein
Ruggell,,Intl,International,LI,Liechtenstein
Vas,,Intl,International,HU,Hungary
Guaviare,,Intl,International,CO,Colombia
Gu,,Intl,International,GU,Guam
Yucatán,,Intl,International,MX,Mexico
Réunion,,Intl,International,RE,Réunion
Pamandzi,,Intl,International,YT,Mayotte
Mamoudzou,,Intl,International,YT,Mayotte
Zacatecas,,Intl,International,MX,Mexico
Îles Loyauté,,Intl,International,NC,New Caledonia
,,Intl,International,IE,Ireland
England,,Intl,International,GB,United Kingdom
Ağstafa,,Intl,International,AZ,Azerbaijan
Biləsuvar,,Intl,International,AZ,Azerbaijan
Daşkəsən,,Intl,International,AZ,Azerbaijan
Şirvan,,Intl,International,AZ,Azerbaijan
Gədəbəy,,Intl,International,AZ,Azerbaijan
Haciqabul,,Intl,International,AZ,Azerbaijan
Xaçmaz,,Intl,International,AZ,Azerbaijan
Kürdəmir,,Intl,International,AZ,Azerbaijan
Quba,,Intl,International,AZ,Azerbaijan
Lerik,,Intl,International,AZ,Azerbaijan
Neftçala,,Intl,International,AZ,Azerbaijan
Sumqayit,,Intl,International,AZ,Azerbaijan
Şamaxi,,Intl,International,AZ,Azerbaijan
Tər-Tər,,Intl,International,AZ,Azerbaijan
Zaqatala,,Intl,International,AZ,Azerbaijan
Birkirkara,,Intl,International,MT,Malta
Hamilton,,Intl,International,BM,Bermuda
Devonshire Parish,,Intl,International,BM,Bermuda
Il-Fontana,,Intl,International,MT,Malta
Għajnsielem,,Intl,International,MT,Malta
Pembroke Parish,,Intl,International,BM,Bermuda
Esch-sur-Alzette,,Intl,International,LU,Luxembourg
Grevenmacher,,Intl,International,LU,Luxembourg
Clervaux,,Intl,International,LU,Luxembourg
Babītes nov.,,Intl,International,LV,Latvia
Olaines nov.,,Intl,International,LV,Latvia
Ropažu nov.,,Intl,International,LV,Latvia
Krimuldas nov.,,Intl,International,LV,Latvia
Mālpils nov.,,Intl,International,LV,Latvia
Ozolnieku nov.,,Intl,International,LV,Latvia
Engures nov.,,Intl,International,LV,Latvia
Kuldīgas nov.,,Intl,International,LV,Latvia
Priekules nov.,,Intl,International,LV,Latvia
Durbes nov.,,Intl,International,LV,Latvia
Ventspils nov.,,Intl,International,LV,Latvia
Brocēnu nov.,,Intl,International,LV,Latvia
Rundāles nov.,,Intl,International,LV,Latvia
Iecavas nov.,,Intl,International,LV,Latvia
Priekuļu nov.,,Intl,International,LV,Latvia
Jaunpiebalgas nov.,,Intl,International,LV,Latvia
Cēsu nov.,,Intl,International,LV,Latvia
Naukšēnu nov.,,Intl,International,LV,Latvia
Apes nov.,,Intl,International,LV,Latvia
Balvu nov.,,Intl,International,LV,Latvia
Rēzeknes nov.,,Intl,International,LV,Latvia
Strenču nov.,,Intl,International,LV,Latvia
Lielvārdes nov.,,Intl,International,LV,Latvia
Aizkraukles nov.,,Intl,International,LV,Latvia
Neretas nov.,,Intl,International,LV,Latvia
Jēkabpils nov.,,Intl,International,LV,Latvia
Līvānu nov.,,Intl,International,LV,Latvia
Daugavpils nov.,,Intl,International,LV,Latvia
Soroca,,Intl,International,MD,"Moldova, Republic of"
Hincesti,,Intl,International,MD,"Moldova, Republic of"
Straseni,,Intl,International,MD,"Moldova, Republic of"
Grigoriopol Tr.,,Intl,International,MD,"Moldova, Republic of"
Dubasari Tr.,,Intl,International,MD,"Moldova, Republic of"
Criulenii-Dub.,,Intl,International,MD,"Moldova, Republic of"
Criuleni,,Intl,International,MD,"Moldova, Republic of"
Floresti,,Intl,International,MD,"Moldova, Republic of"
Drochia,,Intl,International,MD,"Moldova, Republic of"
Leova,,Intl,International,MD,"Moldova, Republic of"
Camenca Tr.,,Intl,International,MD,"Moldova, Republic of"
Soldanesti,,Intl,International,MD,"Moldova, Republic of"
Iż-Żebbuġ,,Intl,International,MT,Malta
L-Imsida,,Intl,International,MT,Malta
Marsaxlokk,,Intl,International,MT,Malta
Ir-Rabat,,Intl,International,MT,Malta
Il-Belt Valletta,,Intl,International,MT,Malta
Iż-Żurrieq,,Intl,International,MT,Malta
Anasco,,Intl,International,PR,Puerto Rico
Lajas,,Intl,International,PR,Puerto Rico
Manati,,Intl,International,PR,Puerto Rico
Lubānas nov.,,Intl,International,LV,Latvia
Il-Mosta,,Intl,International,MT,Malta
Ix-Xewkija,,Intl,International,MT,Malta
Quebradillas,,Intl,International,PR,Puerto Rico
Orocovis,,Intl,International,PR,Puerto Rico
Vieques,,Intl,International,PR,Puerto Rico
Juncos,,Intl,International,PR,Puerto Rico
Gamprin,,Intl,International,LI,Liechtenstein
Planken,,Intl,International,LI,Liechtenstein
State of Pohnpei,,Intl,International,FM,"Micronesia, Federated States of"
State of Kosrae,,Intl,International,FM,"Micronesia, Federated States of"
Bouéni,,Intl,International,YT,Mayotte
Ouangani,,Intl,International,YT,Mayotte
Kəlbəcər,,Intl,International,AZ,Azerbaijan
Zəngilan,,Intl,International,AZ,Azerbaijan
Balzan,,Intl,International,MT,Malta
Ħal Għaxaq,,Intl,International,MT,Malta
Il-Ħamrun,,Intl,International,MT,Malta
Alsungas nov.,,Intl,International,LV,Latvia
Uhnheni,,Intl,International,MD,"Moldova, Republic of"
Cantrmir,,Intl,International,MD,"Moldova, Republic of"
Il-Qala,,Intl,International,MT,Malta
Is-Siġġiewi,,Intl,International,MT,Malta
Tas-Sliema,,Intl,International,MT,Malta
Saint Paul’s Bay,,Intl,International,MT,Malta
Victoria,,Intl,International,MT,Malta
Ħaż-Żebbuġ,,Intl,International,MT,Malta
Iż-Żejtun,,Intl,International,MT,Malta
Lesser Poland Voivod,,Intl,International,PL,Poland
Hordaland,,Intl,International,NO,Norway
,,Intl,International,VA,Holy See (Vatican City State)
Arecibo,,Intl,International,PR,Puerto Rico
Camuy,,Intl,International,PR,Puerto Rico
Utuado,,Intl,International,PR,Puerto Rico
Jayuya,,Intl,International,PR,Puerto Rico
Morovis,,Intl,International,PR,Puerto Rico
Guayama,,Intl,International,PR,Puerto Rico
Ponce,,Intl,International,PR,Puerto Rico
Cayey,,Intl,International,PR,Puerto Rico
Ceiba,,Intl,International,PR,Puerto Rico
Yabucoa,,Intl,International,PR,Puerto Rico
Culebra,,Intl,International,PR,Puerto Rico
Juana Diaz,,Intl,International,PR,Puerto Rico
San Juan,,Intl,International,PR,Puerto Rico
Adrar,,Intl,International,DZ,Algeria
Kyiv,,Intl,International,UA,Ukraine
Ciudad de Guatemala,,Intl,International,GT,Guatemala
Sachsen,,Intl,International,DE,Germany
Castilla - Leon,,Intl,International,ES,Spain
,,Intl,International,SG,Singapore
Hauts-de-France,,Intl,International,FR,France
Comunidad Valenciana,,Intl,International,ES,Spain
Ağri,,Intl,International,TR,Turkey
Banskobystrický kra,,Intl,International,SK,Slovakia
Batna,,Intl,International,DZ,Algeria
Auckland,,Intl,International,NZ,New Zealand
Extremadura,,Intl,International,ES,Spain
Ilfov,,Intl,International,RO,Romania
DEPTO DE SOLOLA,,Intl,International,GT,Guatemala
Artvin,,Intl,International,TR,Turkey
Blida,,Intl,International,DZ,Algeria
Aydin,,Intl,International,TR,Turkey
,,Intl,International,FO,Faroe Islands
Bruxelles-Capitale,,Intl,International,BE,Belgium
,,Intl,International,SI,Slovenia
Grad Zagreb,,Intl,International,HR,Croatia
Balikesir,,Intl,International,TR,Turkey
Piemonte,,Intl,International,IT,Italy
Provincia de San Jos,,Intl,International,CR,Costa Rica
Northern Region,,Intl,International,MW,Malawi
Samut Prakan,,Intl,International,TH,Thailand
,,Intl,International,IS,Iceland
Región de Arica y P,,Intl,International,CL,Chile
Nonthaburi,,Intl,International,TH,Thailand
Argeş,,Intl,International,RO,Romania
Niederösterreich,,Intl,International,AT,Austria
Buzău,,Intl,International,RO,Romania
Pathum Thani,,Intl,International,TH,Thailand
Tlemcen,,Intl,International,DZ,Algeria
Dâmboviţa,,Intl,International,RO,Romania
Østfold,,Intl,International,NO,Norway
Flevoland,,Intl,International,NL,Netherlands
Normandie,,Intl,International,FR,France
Punjab,,Intl,International,IN,India
Bolu,,Intl,International,TR,Turkey
Burdur,,Intl,International,TR,Turkey
Galicia,,Intl,International,ES,Spain
Kelantan,,Intl,International,MY,Malaysia
Región de Atacama,,Intl,International,CL,Chile
DEPTO DE ALTA VERAPA,,Intl,International,GT,Guatemala
Вологодска,,Intl,International,RU,Russian Federation
Singburi,,Intl,International,TH,Thailand
Çanakkale,,Intl,International,TR,Turkey
Caldas,,Intl,International,CO,Colombia
Новгородск,,Intl,International,RU,Russian Federation
Jijel,,Intl,International,DZ,Algeria
Jammu & Kashmir,,Intl,International,IN,India
Centre-Val de Loire,,Intl,International,FR,France
Карелия Ре,,Intl,International,RU,Russian Federation
DEPTO DE ZACAPA,,Intl,International,GT,Guatemala
Pest,,Intl,International,HU,Hungary
Maldonado,,Intl,International,UY,Uruguay
Saida,,Intl,International,DZ,Algeria
Lombardia,,Intl,International,IT,Italy
Provincia de Alajuel,,Intl,International,CR,Costa Rica
Lavalleja,,Intl,International,UY,Uruguay
Baja California,,Intl,International,MX,Mexico
Gorj,,Intl,International,RO,Romania
인천광역시,,Intl,International,KR,"Korea, Republic of"
Gomel,,Intl,International,BY,Belarus
Смоленская,,Intl,International,RU,Russian Federation
Šibensko-Kninska,,Intl,International,HR,Croatia
Aragon,,Intl,International,ES,Spain
Mariehamns stad,,Intl,International,AX,Åland Islands
Brest,,Intl,International,BY,Belarus
,,Intl,International,BY,Belarus
Cordoba,,Intl,International,AR,Argentina
Leiria,,Intl,International,PT,Portugal
Erzincan,,Intl,International,TR,Turkey
Uttarakhand,,Intl,International,IN,India
Prachinburi,,Intl,International,TH,Thailand
Kanton Solothurn,,Intl,International,CH,Switzerland
Australian Capital T,,Intl,International,AU,Australia
Rogaland,,Intl,International,NO,Norway
Region Sjælland,,Intl,International,DK,Denmark
Gaziantep,,Intl,International,TR,Turkey
충청북도,,Intl,International,KR,"Korea, Republic of"
M'Sila,,Intl,International,DZ,Algeria
Mascara,,Intl,International,DZ,Algeria
Sylhet Division,,Intl,International,BD,Bangladesh
Hakkari,,Intl,International,TR,Turkey
Perak,,Intl,International,MY,Malaysia
Timiş,,Intl,International,RO,Romania
Heves,,Intl,International,HU,Hungary
Southern Region,,Intl,International,MW,Malawi
Aveiro,,Intl,International,PT,Portugal
Treinta y Tres,,Intl,International,UY,Uruguay
Белгородск,,Intl,International,RU,Russian Federation
Oran,,Intl,International,DZ,Algeria
Arad,,Intl,International,RO,Romania
Navarra,,Intl,International,ES,Spain
El-Bayadh,,Intl,International,DZ,Algeria
Caraş-Severin,,Intl,International,RO,Romania
Hunedoara,,Intl,International,RO,Romania
Mersin(İçel),,Intl,International,TR,Turkey
Neuquen,,Intl,International,AR,Argentina
Borsod-Abaúj-Zempl,,Intl,International,HU,Hungary
Bordj-Bou-Arreridj,,Intl,International,DZ,Algeria
,,Intl,International,LT,Lithuania
,,Intl,International,ZA,South Africa
Southern Savonia,,Intl,International,FI,Finland
Aguadilla,,Intl,International,PR,Puerto Rico
Guanica,,Intl,International,PR,Puerto Rico
Lares,,Intl,International,PR,Puerto Rico
Vega Baja,,Intl,International,PR,Puerto Rico
Naranjito,,Intl,International,PR,Puerto Rico
Caguas,,Intl,International,PR,Puerto Rico
Humacao,,Intl,International,PR,Puerto Rico
Rio Grande,,Intl,International,PR,Puerto Rico
Luquillo,,Intl,International,PR,Puerto Rico
Comerio,,Intl,International,PR,Puerto Rico
Bayamon,,Intl,International,PR,Puerto Rico
Catano,,Intl,International,PR,Puerto Rico
Trujillo Alto,,Intl,International,PR,Puerto Rico
Akita Ken,,Intl,International,JP,Japan
서울특별시,,Intl,International,KR,"Korea, Republic of"
Adana,,Intl,International,TR,Turkey
Bourgogne-Franche-Co,,Intl,International,FR,France
Brandenburg,,Intl,International,DE,Germany
Adiyaman,,Intl,International,TR,Turkey
Castilla - La Mancha,,Intl,International,ES,Spain
Košický kraj,,Intl,International,SK,Slovakia
Oum-El-Bouaghi,,Intl,International,DZ,Algeria
Andalucia,,Intl,International,ES,Spain
Podlasie,,Intl,International,PL,Poland
Antioquia,,Intl,International,CO,Colombia
Prešovský kraj,,Intl,International,SK,Slovakia
Bejaia,,Intl,International,DZ,Algeria
Sachsen-Anhalt,,Intl,International,DE,Germany
Antalya,,Intl,International,TR,Turkey
Lublin,,Intl,International,PL,Poland
Bechar,,Intl,International,DZ,Algeria
Atlantico,,Intl,International,CO,Colombia
Cataluna,,Intl,International,ES,Spain
South Australia,,Intl,International,AU,Australia
Region Hovedstaden,,Intl,International,DK,Denmark
,,Intl,International,CZ,Czech Republic
Canton de Vaud,,Intl,International,CH,Switzerland
Bouira,,Intl,International,DZ,Algeria
Prahova,,Intl,International,RO,Romania
New South Wales,,Intl,International,AU,Australia
Москва,,Intl,International,RU,Russian Federation
Harju maakond,,Intl,International,EE,Estonia
Delhi,,Intl,International,IN,India
Valle D'Aosta,,Intl,International,IT,Italy
Montevideo,,Intl,International,UY,Uruguay
София (стол,,Intl,International,BG,Bulgaria
Tebessa,,Intl,International,DZ,Algeria
Genève,,Intl,International,CH,Switzerland
NWFP Peshawar,,Intl,International,PK,Pakistan
Región de Antofagas,,Intl,International,CL,Chile
Ang Thong,,Intl,International,TH,Thailand
Tiaret,,Intl,International,DZ,Algeria
Canton de Fribourg,,Intl,International,CH,Switzerland
Pirkanmaa,,Intl,International,FI,Finland
DEPTO DE BAJA VERAPA,,Intl,International,GT,Guatemala
Tizi-Ouzou,,Intl,International,DZ,Algeria
Päijänne Tavastia,,Intl,International,FI,Finland
Alger,,Intl,International,DZ,Algeria
Entre Rios,,Intl,International,AR,Argentina
DEPTO DE PETEN,,Intl,International,GT,Guatemala
Mecklenburg-Vorpomme,,Intl,International,DE,Germany
Central Finland Regi,,Intl,International,FI,Finland
Çankiri,,Intl,International,TR,Turkey
Saraburi,,Intl,International,TH,Thailand
Setif,,Intl,International,DZ,Algeria
Cauca,,Intl,International,CO,Colombia
Niedersachsen,,Intl,International,DE,Germany
Subcarpathian Voivod,,Intl,International,PL,Poland
Santarém,,Intl,International,PT,Portugal
Dubrovačko-Neretvan,,Intl,International,HR,Croatia
Denizli,,Intl,International,TR,Turkey
София / Sofija,,Intl,International,BG,Bulgaria
Uttar Pradesh,,Intl,International,IN,India
Neuchâtel,,Intl,International,CH,Switzerland
Región de Valparaí,,Intl,International,CL,Chile
Kanagawa Ken,,Intl,International,JP,Japan
Vitebsk,,Intl,International,BY,Belarus
Diyarbakir,,Intl,International,TR,Turkey
Rayong,,Intl,International,TH,Thailand
Moghilev,,Intl,International,BY,Belarus
Mogholev,,Intl,International,BY,Belarus
Sidi-Bel-Abbes,,Intl,International,DZ,Algeria
DEPTO DE JUTIAPA,,Intl,International,GT,Guatemala
Ålands skärgård,,Intl,International,AX,Åland Islands
Trat,,Intl,International,TH,Thailand
Cordoba,,Intl,International,CO,Colombia
Baja California Sur,,Intl,International,MX,Mexico
Grosno,,Intl,International,BY,Belarus
Калинингра,,Intl,International,RU,Russian Federation
Campeche,,Intl,International,MX,Mexico
강원도,,Intl,International,KR,"Korea, Republic of"
Брянская О,,Intl,International,RU,Russian Federation
Калужская ,,Intl,International,RU,Russian Federation
Kirovohradska,,Intl,International,UA,Ukraine
Komárom-Esztergom,,Intl,International,HU,Hungary
Pahang,,Intl,International,MY,Malaysia
Medea,,Intl,International,DZ,Algeria
La Rioja,,Intl,International,ES,Spain
Steiermark,,Intl,International,AT,Austria
Sa Kaeo,,Intl,International,TH,Thailand
Bremen,,Intl,International,DE,Germany
Colima,,Intl,International,MX,Mexico
Kanton Basel-Landsch,,Intl,International,CH,Switzerland
Región del Libertad,,Intl,International,CL,Chile
Khmelnytska,,Intl,International,UA,Ukraine
Espirito Santo,,Intl,International,BR,Brazil
Évora,,Intl,International,PT,Portugal
Coimbra,,Intl,International,PT,Portugal
세종특별자치,,Intl,International,KR,"Korea, Republic of"
Murcia,,Intl,International,ES,Spain
Provincia de Cartago,,Intl,International,CR,Costa Rica
Курская Об,,Intl,International,RU,Russian Federation
West Pomerania,,Intl,International,PL,Poland
충청남도,,Intl,International,KR,"Korea, Republic of"
Corrientes,,Intl,International,AR,Argentina
La Pampa,,Intl,International,AR,Argentina
Požeško-Slavonska,,Intl,International,HR,Croatia
İstanbul,,Intl,International,TR,Turkey
Chaco,,Intl,International,AR,Argentina
Краснодарс,,Intl,International,RU,Russian Federation
Formosa,,Intl,International,AR,Argentina
Kars,,Intl,International,TR,Turkey
경상북도,,Intl,International,KR,"Korea, Republic of"
Telemark,,Intl,International,NO,Norway
Видин / Vidin,,Intl,International,BG,Bulgaria
Amnat Charoen,,Intl,International,TH,Thailand
Nagano Ken,,Intl,International,JP,Japan
Gelderland,,Intl,International,NL,Netherlands
Región del Biobío,,Intl,International,CL,Chile
El-Oued,,Intl,International,DZ,Algeria
Тамбовская,,Intl,International,RU,Russian Federation
Västra Götaland,,Intl,International,SE,Sweden
Porto,,Intl,International,PT,Portugal
Međimurska,,Intl,International,HR,Croatia
Sumska,,Intl,International,UA,Ukraine
Huila,,Intl,International,CO,Colombia
Саратовска,,Intl,International,RU,Russian Federation
Loei,,Intl,International,TH,Thailand
Астраханск,,Intl,International,RU,Russian Federation
Tipaza,,Intl,International,DZ,Algeria
Jõgeva maakond,,Intl,International,EE,Estonia
Mila,,Intl,International,DZ,Algeria
Volynska,,Intl,International,UA,Ukraine
Kütahya,,Intl,International,TR,Turkey
Taranaki,,Intl,International,NZ,New Zealand
Ain-Defla,,Intl,International,DZ,Algeria
Satu Mare,,Intl,International,RO,Romania
Pays de la Loire,,Intl,International,FR,France
Самарская ,,Intl,International,RU,Russian Federation
Roi Et,,Intl,International,TH,Thailand
Kymenlaakso,,Intl,International,FI,Finland
Ain-Temouchent,,Intl,International,DZ,Algeria
Noord-Brabant,,Intl,International,NL,Netherlands
Magdalena,,Intl,International,CO,Colombia
,,Intl,International,SM,San Marino
Salzburg,,Intl,International,AT,Austria
Chattisgarh,,Intl,International,IN,India
Gifu Ken,,Intl,International,JP,Japan
México,,Intl,International,MX,Mexico
Pernambuco ,,Intl,International,BR,Brazil
Toscana,,Intl,International,IT,Italy
Велико Тър,,Intl,International,BG,Bulgaria
Кърджали / K,,Intl,International,BG,Bulgaria
Шумен / Shumen,,Intl,International,BG,Bulgaria
Ceuta,,Intl,International,ES,Spain
Covasna,,Intl,International,RO,Romania
San Luis,,Intl,International,AR,Argentina
Габрово / Gab,,Intl,International,BG,Bulgaria
Uttaradit,,Intl,International,TH,Thailand
San Juan,,Intl,International,AR,Argentina
Mykolaivska,,Intl,International,UA,Ukraine
Békés,,Intl,International,HU,Hungary
Ямбол / Jambol,,Intl,International,BG,Bulgaria
Östergötland,,Intl,International,SE,Sweden
Paraiba,,Intl,International,BR,Brazil
Rājshāhi Division,,Intl,International,BD,Bangladesh
Rio Grande do Norte ,,Intl,International,BR,Brazil
Tokat,,Intl,International,TR,Turkey
Bács-Kiskun,,Intl,International,HU,Hungary
Нижегородс,,Intl,International,RU,Russian Federation
Södermanland,,Intl,International,SE,Sweden
Trabzon,,Intl,International,TR,Turkey
Кировская ,,Intl,International,RU,Russian Federation
광주광역시,,Intl,International,KR,"Korea, Republic of"
Ostrobothnia Region,,Intl,International,FI,Finland
Gotland,,Intl,International,SE,Sweden
Свердловск,,Intl,International,RU,Russian Federation
Morelos,,Intl,International,MX,Mexico
Nara Ken,,Intl,International,JP,Japan
Quindio,,Intl,International,CO,Colombia
Şanliurfa,,Intl,International,TR,Turkey
Bayern,,Intl,International,DE,Germany
Uşak,,Intl,International,TR,Turkey
Kanton Schwyz,,Intl,International,CH,Switzerland
Ticino,,Intl,International,CH,Switzerland
Van,,Intl,International,TR,Turkey
Хакасия Ре,,Intl,International,RU,Russian Federation
Тыва Респу,,Intl,International,RU,Russian Federation
Kerala,,Intl,International,IN,India
Phetchabun,,Intl,International,TH,Thailand
Саха (Якути,,Intl,International,RU,Russian Federation
Kujawsko-Pomorskie,,Intl,International,PL,Poland
Oaxaca,,Intl,International,MX,Mexico
Lakshadweep,,Intl,International,IN,India
Магаданска,,Intl,International,RU,Russian Federation
Amazonas ,,Intl,International,BR,Brazil
Roraima,,Intl,International,BR,Brazil
Tasmania,,Intl,International,AU,Australia
Negeri Sembilan,,Intl,International,MY,Malaysia
West Bengal,,Intl,International,IN,India
Puglia,,Intl,International,IT,Italy
Northern Savo,,Intl,International,FI,Finland
Provincia de Limón,,Intl,International,CR,Costa Rica
Khanchanaburi,,Intl,International,TH,Thailand
Batman,,Intl,International,TR,Turkey
Разград / Raz,,Intl,International,BG,Bulgaria
Şirnak,,Intl,International,TR,Turkey
Kainuu,,Intl,International,FI,Finland
Силистра / S,,Intl,International,BG,Bulgaria
Samut Songkhram,,Intl,International,TH,Thailand
Basilicata,,Intl,International,IT,Italy
Melaka,,Intl,International,MY,Malaysia
Kagawa Ken,,Intl,International,JP,Japan
Dalarna,,Intl,International,SE,Sweden
Region Nordjylland,,Intl,International,DK,Denmark
Prachuap Khirikhan,,Intl,International,TH,Thailand
Kochi Ken,,Intl,International,JP,Japan
Mato Grosso ,,Intl,International,BR,Brazil
Meghalaya,,Intl,International,IN,India
Ehime Ken,,Intl,International,JP,Japan
Johor,,Intl,International,MY,Malaysia
Nagaland,,Intl,International,IN,India
Fukuoka Ken,,Intl,International,JP,Japan
Sinaloa,,Intl,International,MX,Mexico
Плевен / Pleve,,Intl,International,BG,Bulgaria
Saitama Ken,,Intl,International,JP,Japan
Virovitičko-Podravs,,Intl,International,HR,Croatia
Rivnenska,,Intl,International,UA,Ukraine
Cantabria,,Intl,International,ES,Spain
대전광역시,,Intl,International,KR,"Korea, Republic of"
Florida,,Intl,International,UY,Uruguay
Ростовская,,Intl,International,RU,Russian Federation
Lahore,,Intl,International,PK,Pakistan
Yasothon,,Intl,International,TH,Thailand
Ставрополь,,Intl,International,RU,Russian Federation
Калмыкия Р,,Intl,International,RU,Russian Federation
Chaiyaphum,,Intl,International,TH,Thailand
Guanajuato,,Intl,International,MX,Mexico
Poltavska,,Intl,International,UA,Ukraine
Salta,,Intl,International,AR,Argentina
Дагестан Р,,Intl,International,RU,Russian Federation
Tindouf,,Intl,International,DZ,Algeria
Kayseri,,Intl,International,TR,Turkey
Guerrero,,Intl,International,MX,Mexico
Рязанская ,,Intl,International,RU,Russian Federation
Воронежска,,Intl,International,RU,Russian Federation
Yamanashi Ken,,Intl,International,JP,Japan
Tucuman,,Intl,International,AR,Argentina
Rivera,,Intl,International,UY,Uruguay
Волгоградс,,Intl,International,RU,Russian Federation
Kanton Basel-Stadt,,Intl,International,CH,Switzerland
Gisborne,,Intl,International,NZ,New Zealand
Artigas,,Intl,International,UY,Uruguay
Shizuoka Ken,,Intl,International,JP,Japan
Souk-Ahras,,Intl,International,DZ,Algeria
Udon Thani,,Intl,International,TH,Thailand
Varaždinska,,Intl,International,HR,Croatia
Konya,,Intl,International,TR,Turkey
Удмуртская,,Intl,International,RU,Russian Federation
Bjelovarsko-Bilogors,,Intl,International,HR,Croatia
Мордовия Р,,Intl,International,RU,Russian Federation
Aichi Ken,,Intl,International,JP,Japan
Пазарджик /,,Intl,International,BG,Bulgaria
Пензенская,,Intl,International,RU,Russian Federation
Jujuy,,Intl,International,AR,Argentina
Paysandu,,Intl,International,UY,Uruguay
Sălaj,,Intl,International,RO,Romania
Manisa,,Intl,International,TR,Turkey
Rio Negro,,Intl,International,UY,Uruguay
Оренбургск,,Intl,International,RU,Russian Federation
Kalasin,,Intl,International,TH,Thailand
Región de la Arauca,,Intl,International,CL,Chile
Смолян / Smolj,,Intl,International,BG,Bulgaria
Sakon Nakhon,,Intl,International,TH,Thailand
Muğla,,Intl,International,TR,Turkey
Kanton Luzern,,Intl,International,CH,Switzerland
Vila Real,,Intl,International,PT,Portugal
Krapinsko-Zagorska,,Intl,International,HR,Croatia
Dnipropetrovska,,Intl,International,UA,Ukraine
Tartu maakond,,Intl,International,EE,Estonia
Kuala Lumpur,,Intl,International,MY,Malaysia
Telangana,,Intl,International,IN,India
경상남도,,Intl,International,KR,"Korea, Republic of"
Wellington,,Intl,International,NZ,New Zealand
Chiang Mai,,Intl,International,TH,Thailand
Niğde,,Intl,International,TR,Turkey
Primorsko-Goranska,,Intl,International,HR,Croatia
Shiga Ken,,Intl,International,JP,Japan
Region Syddanmark,,Intl,International,DK,Denmark
Ordu,,Intl,International,TR,Turkey
La Rioja,,Intl,International,AR,Argentina
Rize,,Intl,International,TR,Turkey
Pondicherry,,Intl,International,IN,India
Ловеч / Lovech,,Intl,International,BG,Bulgaria
전라북도,,Intl,International,KR,"Korea, Republic of"
Phrae,,Intl,International,TH,Thailand
Nan,,Intl,International,TH,Thailand
Sibiu,,Intl,International,RO,Romania
Hyogo Ken,,Intl,International,JP,Japan
Alagoas ,,Intl,International,BR,Brazil
Møre og Romsdal,,Intl,International,NO,Norway
Michoacán de Ocampo,,Intl,International,MX,Mexico
North Karelia,,Intl,International,FI,Finland
Tamil Nadu,,Intl,International,IN,India
Kanton Obwalden,,Intl,International,CH,Switzerland
Nakhon Sawan,,Intl,International,TH,Thailand
Región Aysén,,Intl,International,CL,Chile
Putrajaya,,Intl,International,MY,Malaysia
Тюменская ,,Intl,International,RU,Russian Federation
Kanton Zug,,Intl,International,CH,Switzerland
Томская Об,,Intl,International,RU,Russian Federation
Kanton Uri,,Intl,International,CH,Switzerland
Sukhothai,,Intl,International,TH,Thailand
Abruzzi,,Intl,International,IT,Italy
Омская Обл,,Intl,International,RU,Russian Federation
Värmland,,Intl,International,SE,Sweden
Maranhao ,,Intl,International,BR,Brazil
Phitsanulok,,Intl,International,TH,Thailand
Phichit,,Intl,International,TH,Thailand
Para,,Intl,International,BR,Brazil
Saarland,,Intl,International,DE,Germany
Trøndelag,,Intl,International,NO,Norway
Valga maakond,,Intl,International,EE,Estonia
Амурская О,,Intl,International,RU,Russian Federation
Хабаровски,,Intl,International,RU,Russian Federation
Baden-Württemberg,,Intl,International,DE,Germany
Region Midtjylland,,Intl,International,DK,Denmark
Приморский,,Intl,International,RU,Russian Federation
Сахалинска,,Intl,International,RU,Russian Federation
Русе / Ruse,,Intl,International,BG,Bulgaria
Distrito Federal,,Intl,International,BR,Brazil
Ratchaburi,,Intl,International,TH,Thailand
Nelson,,Intl,International,NZ,New Zealand
Marlborough,,Intl,International,NZ,New Zealand
Puebla,,Intl,International,MX,Mexico
Suphanburi,,Intl,International,TH,Thailand
Canterbury,,Intl,International,NZ,New Zealand
Khersonska,,Intl,International,UA,Ukraine
Tolima,,Intl,International,CO,Colombia
Baranya,,Intl,International,HU,Hungary
Sikkim,,Intl,International,IN,India
Yamaguchi Ken,,Intl,International,JP,Japan
Overijssel,,Intl,International,NL,Netherlands
Querétaro,,Intl,International,MX,Mexico
Phetchaburi,,Intl,International,TH,Thailand
Quintana Roo,,Intl,International,MX,Mexico
Rapla maakond,,Intl,International,EE,Estonia
Assam,,Intl,International,IN,India
Kilis,,Intl,International,TR,Turkey
Manipur,,Intl,International,IN,India
Aust-Agder,,Intl,International,NO,Norway
Osmaniye,,Intl,International,TR,Turkey
Galaţi,,Intl,International,RO,Romania
Jan Mayen,,Intl,International,SJ,Svalbard and Jan Mayen
Brăila,,Intl,International,RO,Romania
Nagasaki Ken,,Intl,International,JP,Japan
Tulcea,,Intl,International,RO,Romania
Chubut,,Intl,International,AR,Argentina
Sonora,,Intl,International,MX,Mexico
Oita Ken,,Intl,International,JP,Japan
Saga Ken,,Intl,International,JP,Japan
Flores,,Intl,International,UY,Uruguay
Győr-Moson-Sopron,,Intl,International,HU,Hungary
Molise,,Intl,International,IT,Italy
Kanton Glarus,,Intl,International,CH,Switzerland
Archipielago De San ,,Intl,International,CO,Colombia
Kärnten,,Intl,International,AT,Austria
Västerbotten,,Intl,International,SE,Sweden
Sicilia,,Intl,International,IT,Italy
Santa Cruz,,Intl,International,AR,Argentina
Songkhla,,Intl,International,TH,Thailand
Kanton Appenzell Inn,,Intl,International,CH,Switzerland
Călăraşi,,Intl,International,RO,Romania
Trang,,Intl,International,TH,Thailand
Hiiu maakond,,Intl,International,EE,Estonia
Saare maakond,,Intl,International,EE,Estonia
Lapland,,Intl,International,FI,Finland
Vaduz,,Intl,International,LI,Liechtenstein
Triesenberg,,Intl,International,LI,Liechtenstein
Azores,,Intl,International,PT,Portugal
Southland,,Intl,International,NZ,New Zealand
,,Intl,International,PW,Palau
Guyane,,Intl,International,GF,French Guiana
Reunion (general),,Intl,International,RE,Réunion
M'Tsangamouji,,Intl,International,YT,Mayotte
Miyagi Ken,,Intl,International,JP,Japan
Province Nord,,Intl,International,NC,New Caledonia
Vichada,,Intl,International,CO,Colombia
Scotland,,Intl,International,GB,United Kingdom
Attard,,Intl,International,MT,Malta
Astara,,Intl,International,AZ,Azerbaijan
Cəlilabad,,Intl,International,AZ,Azerbaijan
Şabran,,Intl,International,AZ,Azerbaijan
Füzuli,,Intl,International,AZ,Azerbaijan
Göyçay,,Intl,International,AZ,Azerbaijan
Göy-Göl,,Intl,International,AZ,Azerbaijan
Imişli,,Intl,International,AZ,Azerbaijan
Qubadli,,Intl,International,AZ,Azerbaijan
Lənkəran,,Intl,International,AZ,Azerbaijan
Mingəçevir,,Intl,International,AZ,Azerbaijan
Saatli,,Intl,International,AZ,Azerbaijan
Şəki,,Intl,International,AZ,Azerbaijan
Şəmkir,,Intl,International,AZ,Azerbaijan
Ucar,,Intl,International,AZ,Azerbaijan
Yevlax,,Intl,International,AZ,Azerbaijan
Wales,,Intl,International,GB,United Kingdom
Saint George’s Par,,Intl,International,BM,Bermuda
Paget Parish,,Intl,International,BM,Bermuda
Il-Furjana,,Intl,International,MT,Malta
,,Intl,International,GG,Guernsey
Luxembourg,,Intl,International,LU,Luxembourg
Capellen,,Intl,International,LU,Luxembourg
Diekirch,,Intl,International,LU,Luxembourg
Luqa,,Intl,International,MT,Malta
Mārupes nov.,,Intl,International,LV,Latvia
Salaspils nov.,,Intl,International,LV,Latvia
Inčukalna nov.,,Intl,International,LV,Latvia
Sējas nov.,,Intl,International,LV,Latvia
Saulkrastu nov.,,Intl,International,LV,Latvia
Tukuma nov.,,Intl,International,LV,Latvia
Dundagas nov.,,Intl,International,LV,Latvia
Grobiņas nov.,,Intl,International,LV,Latvia
Aizputes nov.,,Intl,International,LV,Latvia
Rucavas nov.,,Intl,International,LV,Latvia
Saldus nov.,,Intl,International,LV,Latvia
Bauskas nov.,,Intl,International,LV,Latvia
Vecumnieku nov.,,Intl,International,LV,Latvia
Amatas nov.,,Intl,International,LV,Latvia
Vecpiebalgas nov.,,Intl,International,LV,Latvia
Raunas nov.,,Intl,International,LV,Latvia
Mazsalacas nov.,,Intl,International,LV,Latvia
Alūksnes nov.,,Intl,International,LV,Latvia
Gulbenes nov.,,Intl,International,LV,Latvia
Viļakas nov.,,Intl,International,LV,Latvia
Valkas nov.,,Intl,International,LV,Latvia
Cesvaines nov.,,Intl,International,LV,Latvia
Ogres nov.,,Intl,International,LV,Latvia
Kokneses nov.,,Intl,International,LV,Latvia
Skrīveru nov.,,Intl,International,LV,Latvia
Viesītes nov.,,Intl,International,LV,Latvia
Vārkavas nov.,,Intl,International,LV,Latvia
Ciblas nov.,,Intl,International,LV,Latvia
Balti,,Intl,International,MD,"Moldova, Republic of"
Ungheni,,Intl,International,MD,"Moldova, Republic of"
Comrat,,Intl,International,MD,"Moldova, Republic of"
Stefan-Voda,,Intl,International,MD,"Moldova, Republic of"
Criuleni-Dub.,,Intl,International,MD,"Moldova, Republic of"
Briceni,,Intl,International,MD,"Moldova, Republic of"
Glodeni,,Intl,International,MD,"Moldova, Republic of"
Donduseni,,Intl,International,MD,"Moldova, Republic of"
Telenesti,,Intl,International,MD,"Moldova, Republic of"
Anenii Noi,,Intl,International,MD,"Moldova, Republic of"
Ocnita,,Intl,International,MD,"Moldova, Republic of"
Cantemir,,Intl,International,MD,"Moldova, Republic of"
L-Imġarr,,Intl,International,MT,Malta
L-Imtarfa,,Intl,International,MT,Malta
In-Nadur,,Intl,International,MT,Malta
Saint Lawrence,,Intl,International,MT,Malta
Ta’ Xbiex,,Intl,International,MT,Malta
Aguada,,Intl,International,PR,Puerto Rico
Hatillo,,Intl,International,PR,Puerto Rico
Las Marias,,Intl,International,PR,Puerto Rico
Bihar,,Intl,International,IN,India
Pärnu maakond,,Intl,International,EE,Estonia
Veszprém,,Intl,International,HU,Hungary
Bratislavský kraj,,Intl,International,SK,Slovakia
Jharkhand,,Intl,International,IN,India
Kanton Schaffhausen,,Intl,International,CH,Switzerland
Región Metropolitan,,Intl,International,CL,Chile
Surat Thani,,Intl,International,TH,Thailand
Kumamoto Ken,,Intl,International,JP,Japan
Putumayo,,Intl,International,CO,Colombia
Tamaulipas,,Intl,International,MX,Mexico
Santa Catarina ,,Intl,International,BR,Brazil
Kagoshima Ken,,Intl,International,JP,Japan
Madeira,,Intl,International,PT,Portugal
Trnavský kraj,,Intl,International,SK,Slovakia
Veracruz de Ignacio ,,Intl,International,MX,Mexico
Luhanska,,Intl,International,UA,Ukraine
Ishikawa Ken,,Intl,International,JP,Japan
Rio Grande do Sul,,Intl,International,BR,Brazil
Phatthalung,,Intl,International,TH,Thailand
Guainia,,Intl,International,CO,Colombia
Pattani,,Intl,International,TH,Thailand
Mauren,,Intl,International,LI,Liechtenstein
Yala,,Intl,International,TH,Thailand
Narathiwat,,Intl,International,TH,Thailand
Saipan,,Intl,International,MP,Northern Mariana Islands
Vaupes,,Intl,International,CO,Colombia
Martinique,,Intl,International,MQ,Martinique
Koungou,,Intl,International,YT,Mayotte
Chirongui,,Intl,International,YT,Mayotte
Chiconi,,Intl,International,YT,Mayotte
Circonscription d'Uv,,Intl,International,WF,Wallis and Futuna
Circonscription de S,,Intl,International,WF,Wallis and Futuna
Yamagata Ken,,Intl,International,JP,Japan
,,Intl,International,AD,Andorra
Ağdam,,Intl,International,AZ,Azerbaijan
Ağcabədi,,Intl,International,AZ,Azerbaijan
Balakən,,Intl,International,AZ,Azerbaijan
Baki,,Intl,International,AZ,Azerbaijan
Gəncə,,Intl,International,AZ,Azerbaijan
Xankəndi,,Intl,International,AZ,Azerbaijan
Ismayilli,,Intl,International,AZ,Azerbaijan
Qazax,,Intl,International,AZ,Azerbaijan
Qobustan,,Intl,International,AZ,Azerbaijan
Laçin,,Intl,International,AZ,Azerbaijan
Oğuz,,Intl,International,AZ,Azerbaijan
Salyan,,Intl,International,AZ,Azerbaijan
Sabirabad,,Intl,International,AZ,Azerbaijan
Tovuz,,Intl,International,AZ,Azerbaijan
Yardimli,,Intl,International,AZ,Azerbaijan
Il-Birgu,,Intl,International,MT,Malta
Il-Fgura,,Intl,International,MT,Malta
Saint George,,Intl,International,BM,Bermuda
L-Għasri,,Intl,International,MT,Malta
,,Intl,International,IM,Isle of Man
Ta’ Kerċem,,Intl,International,MT,Malta
Remich,,Intl,International,LU,Luxembourg
Mersch,,Intl,International,LU,Luxembourg
Wiltz,,Intl,International,LU,Luxembourg
Lija,,Intl,International,MT,Malta
Ķekavas nov.,,Intl,International,LV,Latvia
Stopiņu nov.,,Intl,International,LV,Latvia
Siguldas nov.,,Intl,International,LV,Latvia
Jelgavas nov.,,Intl,International,LV,Latvia
Jaunpils nov.,,Intl,International,LV,Latvia
Rojas nov.,,Intl,International,LV,Latvia
Skrundas nov.,,Intl,International,LV,Latvia
Nīcas nov.,,Intl,International,LV,Latvia
Tērvetes nov.,,Intl,International,LV,Latvia
Limbažu nov.,,Intl,International,LV,Latvia
Līgatnes nov.,,Intl,International,LV,Latvia
Burtnieku nov.,,Intl,International,LV,Latvia
Beverīnas nov.,,Intl,International,LV,Latvia
Rugāju nov.,,Intl,International,LV,Latvia
Viļānu nov.,,Intl,International,LV,Latvia
Madonas nov.,,Intl,International,LV,Latvia
Ērgļu nov.,,Intl,International,LV,Latvia
Ķeguma nov.,,Intl,International,LV,Latvia
Jaunjelgavas nov.,,Intl,International,LV,Latvia
Aknīstes nov.,,Intl,International,LV,Latvia
Preiļu nov.,,Intl,International,LV,Latvia
Aglonas nov.,,Intl,International,LV,Latvia
Krāslavas nov.,,Intl,International,LV,Latvia
Ludzas nov.,,Intl,International,LV,Latvia
Zilupes nov.,,Intl,International,LV,Latvia
Mun.Chisinau,,Intl,International,MD,"Moldova, Republic of"
Orhei,,Intl,International,MD,"Moldova, Republic of"
Cahul,,Intl,International,MD,"Moldova, Republic of"
Causeni,,Intl,International,MD,"Moldova, Republic of"
Edinet,,Intl,International,MD,"Moldova, Republic of"
Lazo,,Intl,International,MD,"Moldova, Republic of"
Rezina,,Intl,International,MD,"Moldova, Republic of"
Slobozia Tr.,,Intl,International,MD,"Moldova, Republic of"
Singerei,,Intl,International,MD,"Moldova, Republic of"
Ialoveni,,Intl,International,MD,"Moldova, Republic of"
Il-Mellieħa,,Intl,International,MT,Malta
Il-Marsa,,Intl,International,MT,Malta
In-Naxxar,,Intl,International,MT,Malta
Paola,,Intl,International,MT,Malta
Qormi,,Intl,International,MT,Malta
Saint John,,Intl,International,MT,Malta
Saint Venera,,Intl,International,MT,Malta
Warwick Parish,,Intl,International,BM,Bermuda
Ix-Xagħra,,Intl,International,MT,Malta
Barceloneta,,Intl,International,PR,Puerto Rico
San German,,Intl,International,PR,Puerto Rico
Isabela,,Intl,International,PR,Puerto Rico
Aguas Buenas,,Intl,International,PR,Puerto Rico
Salinas,,Intl,International,PR,Puerto Rico
Corozal,,Intl,International,PR,Puerto Rico
Balzers,,Intl,International,LI,Liechtenstein
Tinian,,Intl,International,MP,Northern Mariana Islands
Kani-Kéli,,Intl,International,YT,Mayotte
Sada,,Intl,International,YT,Mayotte
Dembeni,,Intl,International,YT,Mayotte
Xocali,,Intl,International,AZ,Azerbaijan
Il-Gudja,,Intl,International,MT,Malta
L-Iklin,,Intl,International,MT,Malta
Vaiņodes nov.,,Intl,International,LV,Latvia
Criuleni- Dub.,,Intl,International,MD,"Moldova, Republic of"
Tal-Pietà,,Intl,International,MT,Malta
Rincon,,Intl,International,PR,Puerto Rico
San Sebastian,,Intl,International,PR,Puerto Rico
Santa Isabel,,Intl,International,PR,Puerto Rico
Coamo,,Intl,International,PR,Puerto Rico
Toa Alta,,Intl,International,PR,Puerto Rico
Schaan,,Intl,International,LI,Liechtenstein
As,,Intl,International,AS,American Samoa
State of Yap,,Intl,International,FM,"Micronesia, Federated States of"
Saint-Pierre,,Intl,International,PM,Saint Pierre and Miquelon
Mtsamboro,,Intl,International,YT,Mayotte
,,Intl,International,FR,France
Naftalan,,Intl,International,AZ,Azerbaijan
Birżebbuġa,,Intl,International,MT,Malta
Dingli,,Intl,International,MT,Malta
Il-Gżira,,Intl,International,MT,Malta
Kirkop,,Intl,International,MT,Malta
Bender Tr.,,Intl,International,MD,"Moldova, Republic of"
Canul,,Intl,International,MD,"Moldova, Republic of"
L-Imdina,,Intl,International,MT,Malta
Safi,,Intl,International,MT,Malta
Saint Lucia,,Intl,International,MT,Malta
Sannat,,Intl,International,MT,Malta
Is-Swieqi,,Intl,International,MT,Malta
Ix-Xgħajra,,Intl,International,MT,Malta
Ħaż-Żabbar,,Intl,International,MT,Malta
Alaska,AK,West,Pacific,US,United States
Arkansas,AR,South,West South Central,US,United States
California,CA,West,Pacific,US,United States
Connecticut,CT,Northeast,New England,US,United States
Delaware,DE,South,South Atlantic,US,United States
Georgia,GA,South,South Atlantic,US,United States
Iowa,IA,Midwest,West North Central,US,United States
Illinois,IL,Midwest,East North Central,US,United States
Kansas,KS,Midwest,West North Central,US,United States
Louisiana,LA,South,West South Central,US,United States
Maryland,MD,South,South Atlantic,US,United States
Michigan,MI,Midwest,East North Central,US,United States
Missouri,MO,Midwest,West North Central,US,United States
Montana,MT,West,Mountain,US,United States
North Dakota,ND,Midwest,West North Central,US,United States
New Hampshire,NH,Northeast,New England,US,United States
New Mexico,NM,West,Mountain,US,United States
New York,NY,Northeast,Middle Atlantic,US,United States
Oklahoma,OK,South,West South Central,US,United States
Pennsylvania,PA,Northeast,Middle Atlantic,US,United States
South Carolina,SC,South,South Atlantic,US,United States
Tennessee,TN,South,East South Central,US,United States
Utah,UT,West,Mountain,US,United States
Vermont,VT,Northeast,New England,US,United States
Wisconsin,WI,Midwest,East North Central,US,United States
Wyoming,WY,West,Mountain,US,United States
Alabama,AL,South,East South Central,US,United States
Arizona,AZ,West,Mountain,US,United States
Colorado,CO,West,Mountain,US,United States
District of Columbia,DC,South,South Atlantic,US,United States
Florida,FL,South,South Atlantic,US,United States
Hawaii,HI,West,Pacific,US,United States
Idaho,ID,West,Mountain,US,United States
Indiana,IN,Midwest,East North Central,US,United States
Kentucky,KY,South,East South Central,US,United States
Massachusetts,MA,Northeast,New England,US,United States
Maine,ME,Northeast,New England,US,United States
Minnesota,MN,Midwest,West North Central,US,United States
Mississippi,MS,South,East South Central,US,United States
North Carolina,NC,South,South Atlantic,US,United States
Nebraska,NE,Midwest,West North Central,US,United States
New Jersey,NJ,Northeast,Middle Atlantic,US,United States
Nevada,NV,West,Mountain,US,United States
Ohio,OH,Midwest,East North Central,US,United States
Oregon,OR,West,Pacific,US,United States
Rhode Island,RI,Northeast,New England,US,United States
South Dakota,SD,Midwest,West North Central,US,United States
Texas,TX,South,West South Central,US,United States
Virginia,VA,South,South Atlantic,US,United States
Washington,WA,West,Pacific,US,United States
West Virginia,WV,South,South Atlantic,US,United States
Nova Scotia,,Canada,Canada,CA,Canada
Quebec,QC,Canada,Canada,CA,Canada
Saskatchewan,SK,Canada,Canada,CA,Canada
British Columbia,BT,Canada,Canada,CA,Canada
Yukon,YT,Canada,Canada,CA,Canada
New Brunswick,NB,Canada,Canada,CA,Canada
Nunavut Territory,NU,Canada,Canada,CA,Canada
Manitoba,MB,Canada,Canada,CA,Canada
Newfoundland and Lab,NL,Canada,Canada,CA,Canada
Prince Edward Island,PE,Canada,Canada,CA,Canada
Ontario,ON,Canada,Canada,CA,Canada
Alberta,AB,Canada,Canada,CA,Canada
Northwest Territory,NT,Canada,Canada,CA,Canada
